hashtag,names,count
#2024DanceChallenge,,0
#2024DanceChallenge,,0
#2024DanceChallenge,"tessa.bear,just.elias,alinexue,jk7.rumeysa,a.romanowskii,skzauau,lezaalx,kkeo_zii_se_yo,flwerkni,hearts2louv,pizzah_2,a.romanowskii,alinexue,jamesandjasmin,alinexue,berkibooiii,namdareun_,jasha1a,a.romanowskii,nck_0486,seo_arm,sienna_valle,_tikt0k.trendss_,k_yaamx,rain_lily6611,flooweryy_5078,cam.eo,blackx2999,rankingh_,jk7.rumeysa,raffymaglaque,lika.cxovrebashvi,pweetye0ul,vhhgf90,kalddjj,a.romanowskii,denisbrilev270,just.elias,gretaa_1.0,a.romanowskii,hannseojunnnn,team.onepunch,bvrry1oves_,swabekingexclusive,rencesuayan_,sophielaverie,ninisha2002,leekotsch_,maralyn_official,denisbrilev270",50
#NewTikTokDance,"ayeshakimsarmie98,essa_mo0,miamendoza82,mansababe07,whos_kha,kennykyawt,khloeee.loveee,naomiduben,emmanuelcaldino1,kennykyawt,dianepayatot29_,sophielaverie,molmol15925,andreaxbernardo,grl1s_nyc,jamesandjasmin,17.xun4,vickitoday,kellykimkai,its_meymengs,edits_by_just,thatsmygirl_ladymae,cam.eo,phoebe.mulyana,rraradaaa,mcevoytwins,kennykyawt,itz_aya_j,sibal_ivarry,rencesuayan_,andreaxbernardo,shanghao_v,_ashalim,andreaxbernardo,yunamong_,shaigonzales11,purpleleeworld,kennykyawt,pjay_daquioag,lliiiiiceeeee,dada_everything,yannieee_08,phoebe.mulyana,andreaxbernardo,ashmabudhathoki1,phoebe.mulyana,pjay_daquioag,del_daniel6,its_meymengs,dada_everything",50
#GlowUpChallenge,"yana_zinooyoon,masculine_vouge_usa,sorminmin3,johnnycool_01,ashley.paiige,only1aliya,..zara_inspo,partjonrill,capcut_templatetrends,nzss_hjj,jeyybi_on_capcut,pinkwavesedits,rens.cerera,namiruunn,kserpaul,findsbylo,theglowup_challenge,a3rxz._,pink.0.7,seavellyn_,marvinavisado2022,adsalcantara,bluestjam_,christinasantosvlog,partjonrill,lateboomer25,clevo_douyin,marje.editz,danahparis,kathbabiera,alexaforyou2,djerxine,nikkililly,goalsslim_,kgarnukhyaa,mouzzumb,wholspii,renzllntr,rpe_crazyboy,diinaxxy,isabella_ii5,bernardostella_,partjonrill,ellesrcd,liiberandomodelos,wife__mom__boss,rucaislove,axelftar,aliciabreuer0,noenoehninhtet",50
#MakeoverChallenge,"cemresolmaz,mmaddiehill,sophiehannah,clawdeena,etheridgemelissa,everyoungmakeover,maureennaudts2,miahhcarter,caseydressler,djerxine,paintedbyspencer,cramakeup,lenkalul,wewearcute,adi_rustana,twenty__ofc,___melachan___,luna_makeup233,alicenorinofficial,bestubom,alekie08,pen.ny09,challengetiktok02,ultimatebykomi,sophiehannah,makeupbydoha_,one.more.official,vijennaattire,maureennaudts2,chichi_gaming_,jessejaggers,sophiehannah,jessejaggers,blossom,seananthonyv,viola_concept,ultimatebykomi,tasyaseffendi,auramayari,meinindonesia,farhanbashel,jogos.anncio,ranggajuans,ive.official,jenniferchrstie,emmasmithh22,azizahnurmuhammad,alegeor_,sahilnarang21,yay.time_",50
#SoundChallenge,"beatboxklim,elliemillar96,beatboxjcop,kingboyzfilms214,huang_brothers,gavincapinpin20,beatboxklim,supervinzt,jjap_kyem,beatpellahouse,bigmarveltiktok,miraaml_,bigmarveltiktok,bigmarveltiktok,jjap_kyem,innkastar,momshieodille,terserahmou,jjap_kyem,j___dying,aileenchristineee,thoseguys03,kevin.asmrytb_,kirkiimad,rabbitrabbitcat,lingy_noiid,jjap_kyem,samcornforth,nordnectar,thegidigba1,bigmarveltiktok,perfect.bite.meme,bigmarveltiktok,kirkiimad,supervinzt,supervinzt,dadandcloshow,somerz_,thoseguys03,bilal.alvii,nobosart,teeeeeeebabyyyyy,classyforreal,supervinzt,heidiandbrad,sumsummusic,jjap_kyem,moonasmr22,soundcollection1,bigmarveltiktok",50
#ViralAudio,"sound_xrl,starjemzx,growfik,influicity,starjemzx,figo_audios0,tkdipa,wang.mp3,_av_music,starjemzx,relaxingdarkness,caalexy,spidey_slowed,bassboosted.music_,songschill8,seonmusicid,mcmablodosparedoes,musicmaestro,genflow_,_av_music,sp0d_,adelinehkim,helloweyx._,spidey_slowed,audiozapviral,extreme.musica,themadsocialco,illustratedagency,miayfamiliaa2,yuukiituru,selviamusic13,djblighty,ler_bos,sp0d_,gemoyidamanmu,relaxingdarkness,rm.synergy,chichi_tips,destinywasthere,the_phonkface,sp0d_,memykmnr8wi,embreighcourtlyn,creatorsshub,.caydenz,indaahhpadawaktunyaa,m4ttxsq,indrimey01,palingmurah8899,alsa.music",50
#TikTokRecipeChallenge,"cookat.magazine,forkspoonmanila,cookat.magazine,perfect_recipes4u,bayashi.tiktok,misho_baeshen,ramonisrael,dianasdishes,hamzy_korean,utastekitchenuk,dianxixiaogeoffical,giallolovesitaly,amyflamy1,cookingworldmaster,l0v3ly.syraa,bakedbymelissa,starveandfoodtrip,cookistwow,ssoyoungmukbang,kittygod_cn,abbybaffoe,annie.thechef,foryou_foodlover,recipesbyanne,primitiveart01,misho_baeshen,foodiebites01,chief.nomii,notorious_foodie,quickrecipes.us,syaridatulnabilah,kookmutsjes,foodoclocktv,strawberrygery,5.minute.recipes,testrecipes,msshiandmrhe,fastgoodcuisine,friendcheap_menu,franziee_v,short...cut,barbhomekitchen,24x7hungry,cookwithranda,thatrecipe.us,fitwaffle,recipes,two.plaid.aprons,randomfood09,cookistwow",50
#FoodHackChallenge,"tommywinkler,guma_art,ideatimes,mindofram,tommywinkler,kyleistook,victoriasthings,kyleistook,dreadymd,kyleistook,tommywinkler,kyleistook,baderalsafar,glowdermc,recipes,cookistwow,uryo1113,anna.antonje,tommywinkler,andyslife247,bayashi.tiktok,baderalsafar,andrelifehack,tommywinkler,tommywinkler,123gohouse,recipes,ebi_chicken0,anna.antonje,guma_art,one.more.official,tommywinkler,dobrovolskyichef,ideatimes,willenlen,3rocky4,cookistwow,lifeprettyhacks,multido.challenge,_vaniawijaya,stevenwang27,hughesy.369,kkkrrriista,lifeprettyhacks,5.minute.recipes,ayse_kinder,tienteaa,hiroki_itooo,ocfoodandview,chefkoudy",50
#ReactToThis,"thoseguys03,sssniperwolf,user484932653100,officialdedeuk,racting_to_cringe_povs,belslontano,alexiaeofficial,jungwonslife1,n1ckwilkins,alexanderbihn,realraywilliam,theonlymajed,chezame_official,viralityvidmedia,bridgingthegapyt,custisblue,musicreactions3,mrbeast,musixxx.xx,chillestcat,bashtheentertainer,luvshanaa_,uncltrd,joshuatbassett,kinlee.t00,majedcesar,react..music,itsyungreece,rapreactz,why3x1st,namyulenka,skyyjade,ardeleanalicemma,tarasimonstudios,me.lizabeth,ondymikula,youtubeclipflicks,renmakesmusic,ourfire,reaction._.0,beatboxjcop,partywithsia,react..music,demeliday,was_yuri_k,rarzrevenge,react..music,moseswck,kreasireaksi,comediehr",50
#TryNotToLaughChallenge,"memehubofficialaccount,reggie1_,j_phi_lip,ladbabyofficial,user8361884921492,ashisrai143,j_phi_lip,eb.editzstuff,memehubofficialaccount,yaeygang,sonnyxreacts,aurasqow3s7,jtcaseyyy,officalmemehubaccount14,momshieodille,skipsda,daniel.mrk,thevisionfamshow,officialdedeuk,enjoycouple,chen000068,hiu.tay.moi.choi.tik.tok,yourcontentfyp,tmr.khan,panda.tobias,baoxiao1688,ddboy_off,positivevibesfor2023,aurasqow3s7,baoxiao1688,yang1219,baoxiao1688,khunarr4ever,skipsda,daily.1memes,unshorts_1122,yaeygang,ana.beeko,jtcasey,funnny_for_you,kukla.loli,lenheitz,mhizbeyonce917,juferyx,havea_676,funny.clips.off,fadi_wri8s,dailymemes111,tmr.khan,z1zone1",50
#OOTDChallenge,"sanah._00,official_dreamcatcher,x.he.6,official_dreamcatcher,official_dreamcatcher,official_dreamcatcher,daani._.e,shiwonderful,poket1838,frommda,official_dreamcatcher,oshima_siblings,linzai00,jelita_soo,fina2331,virbro_,dtpa_28,ne_baji_nena,shangjingshang,ssab.breenaa,jennytran.nn,idealalx,cherish_573,aliciaundjasmina,jizifanfan,minnnnnd,all.about.jacqueline,somiishere__,t0chiko,jennytran.nn,9.9makeup,ohmyireneirene,aufrastudio,msdongan,chinas_fashion_plug,meeyatee,somiishere__,roxannelele,jizifanfan,ninewtcqr,rujing3350,cicikindernoy,quynhdelynn,outfit.skenaa,omayazein,kerina.wang,jovennatran,jayzelleoliver,vinininii,pola.jois",50
#FashionTransformation,"ai_videos_2025_,ai_videos_2025_,theglamgranny,netflix,nikkililly,angelina.wodmongk,evanhirschfashion,nikkililly,k.cherryrrehc,stevenwommack,hijabiofficial,gigicheoh,sariesarmiento94,cvazzana,jennya.salazar,evanhirschfashion,sapphicsundrop,nikkililly,tyle1994,jolietiffany,evanhirschfashion,smol.official,bambiixfashion,elikaboen_,elikaboen_,noormohamedd09,chrisellelim,costuracomiigo,chungthanhphong.official,alice_nevin,saraiqbale,victoria.azuara,britneymnsn,stagefunkcostumes,heidimontag,dhani_budidarma,janssenjuana02,ronhiree,zhuxing141,minagerges,peaches_316,chotronette,lisamarie2460,litoemma147,unzaliciouss,aishamonak,insha.warsi49,sara.art_db,nemyrychkate,nemyrychkate",50
#PetsOfTikTok,"lovely.animals1990,lovely.animals1990,bezumezfit,petsau,cute__pet6,canilmontedossoares,curlinglovers,ehculo,pawms_huntsville,zoophilist066,littleclassics,bonquytocc,bunquystoc,mimimi.tv,hoangminh6879,pigtubewithchucky,dondoneatingsound,ke_ke_i,thepetcollective,izzythecaique,laugh.everday88,bonquytocc,pet_lover_520,poppy.bee,ttsally0,efalpetmalang,jwj19111vlj,ttsally0,sungvat95,petsoftiktok.info,petsmorewangsamelawati,bunquystoc,spike_bully_,bell888666,your_cutepet,itspetlovers,vivicake.real,yuumi_cute_d97,bibi.bird12,meow.hub4,winkkiki1,royal0j,mochapom,cutepetsna,smartanimal8,lifeofferret,kkyychen,funny.littlebean,dondoneatingsound,zhwjs01",50
#PetChallenge2024,"gy_lovepets,gy_lovepets,funny.pets.6618,amy.funnypet,blackitty_cocoa,gy_lovepets,funny.pets.6618,charlesbosworth6,funny.pets.6618,bailey_and_koda,madmax_fluffyroad,my_harii,miso_ara,funny.pets.6618,oiacat,pet.funnys,funny.pets.6618,sophielaverie,funny.pets.6618,funny.cat.dance,pet.funnys,funny.pets.6618,spitz.artchi,thfunny3,aimeme,kitycutez,vardiaartwork,hybridanimalai,mrsheru02,superpet.ec,calli_mero1,muhammad.awais5972,dangthanhdoan1981,terra_nina,fun.pet30,theblackleashkennel,die_und_die_dobermaenner,kirkiimad,catsvideos786,funnyvideo202312,cuteblastgame,kashif..ali900,makarisas,disney.zatugaku,pet_funnytimes1,lassitoon,gbaffect,michylooloo,animalandia.canal,koilocking",50
#FitnessChallenge2024,"alwaysghadi,ghallfitness,martindjavier,trinifittam,biccon00,maiahenryfit,theprehabguys,yasiryscruzm,junnade_,johnnycool_01,puckvandrenth,myhealthybaker,dr.dan_dpt,mhc_ruaka,sharellegrant,naomichi.araki,jessica.ramirezg1,maandivinagracia,kysler7100,andztv19,risang_pamungkas,noufitt,__majah,coach_blaise24fit,sydbastfitness,sanativecoach,myhealthybaker,yababeth1,workouts_zone,celesalasco,coach_blaise24fit,fitnessjourneywithprince,thehartesisters,sp.officiel,the_rehabdoctor,aannabellbb,jackybed18,journeywithrosie,fit.teamee,dianachies,shahazan.miah,june_challenge,rangercabunzkyschoice,lovefafbf5a,pamelaovitie3,gabiga7,pamelaovitie3,vick_castle,tone_babes,mafelafitness",50
#MoveWithMe,"austinsprinz,katlegomagolego23,kbootyjenny,styled.byjordan,seconddateupdatestories,ucas_online,mylifeascyara,miks_tiks,milo_meldrum,rainamonet_,alina.shooshell,antoniaalia,ella_victoriaaa,haz.creates,umioto1,tidycademypro,supersecretbsf,kajsadahlin,mooyamusunga,makabaka_popcornofc,movewithusapp,yg_treasure_tiktok,melissa_evangelista,pearlkosi,nong_ashton,dantoppy,isabellelumsden,dr.realestate__,toranyqvist,allthingsimani,daria.chek,kelseyvenkov,yass_ootd,yg_treasure_tiktok,itz.m3.althea,303industries_luffy,tidycademypro,giselle.ashleyy,lifeassaleia,yrluv_sia,chelseazeferina,bus.off.with.josie,cutie_jisooya,englandbridget,movewithme79,annaschottin,dkawn.me,q_pebbles,movewithme79,clipofkdrama",50
#quiztime,"user3115606830991,user1223005907954,trivqi,mafavion,thebrainypedia,quiztime31,world_quizs,ramdom_quiz,hariharikuis,abtutorship,belajar.bersama180,jjodaeng,iqgeniustik_trivia,knowl8g,info_nity360,quizwhiz17,thequizzles,info_real360,thepeaksuccesss,daily.dose.of.mot1,mind.mingle,quizzy.bytes,quizwhiz17,quiz_nity0,itzzme_4kari1xyz,mindbenderhq_,futquizmania,quizwhiz420,knowl8g,semprenoquiz,funbrainquizzes,quizmaster.usa,quiztimehq,quiizz_tiime,world_quizs,fun_quiz2,quizlet07,laughhumor1,challengepulse,info_nity360,urduquiz101,daily_quiz_quest,.quelima,thepeaksuccesss,quizmania65,silviacardozo756,guess_fast,triviiaquiz,mind.mingle,fun_quiz2",50
#quiz,"kimharee17,jom.ukir,user3115606830991,wouldyourather_korea,balance_gamer77,smile.umhaha,thebrainypedia,footballqiz,mafavion,guess_fast,quiz.moa,world_quizs,2.ruda_,world_quizs,the.filipino.quizzer,quizbunnys,triviawithibiza,what_wouldyourather_12,selectyourchoice,riddles.me,mianmian111979,kwufbtlskhz,quizxtreme,ramdom_quiz,elitequiz_,quizqiofc,english_quiz88,kingfootballquiz.com,fun_quiz2,challengepulse,quizxtreme,quizwhiz17,mind.mingle,mind.mingle,engexerc,quizxtreme,quizm4str,quizwhizcharlie,language_quiz8,info_real360,riddles.me,quiz_nity0,quiz_master111,thepeaksuccesss,fun_quiz2,abtutorship,fun_quiz2,quizzy.bytes,thequizzles,potlalal",50
#quizchallenge,"user3115606830991,ramdom_quiz,quizxtreme,world_quizs,mindworks.quiz,thebrainypedia,guess_fast,quizninja1,world_quizs,cloudykidssongs,what_wouldyourather_12,mind.mingle,quizquestionsuk,selectyourchoice,mindbenderhq_,quizwhiz17,guess_fast,quizwhiz420,elitequiz_,the.filipino.quizzer,1percentclubitv,user1223005907954,iqgeniustik_trivia,myriddle3,guessmaster3,daily_quiz_quest,quizwhiz17,quizbunnys,challengepulse,mind.mingle,info_real360,extramediummedia,thepeaksuccesss,guessmaster3,klemfamily,laughhumor1,quizm4str,mianmian111979,daily_quiz_quest,mind.mingle,quizxtreme,cheetahtriviatribe,riddles.me,thepeaksuccesss,quiztimehq,quiz.genius,kingdom_quiz,everydeiexplorer,abtutorship,quiizz_tiime",50
#quizz,"kimharee17,wutdaquizz,fun_quiz2,user3115606830991,learnspanishplaying,mindworks.quiz,the.filipino.quizzer,world_quizs,fun_quiz2,world_quizs,smile.umhaha,guess_fast,footballqiz,thebrainypedia,esti.destept,mind.mingle,mindworks.quiz,quizwhiz17,quizwhiz17,triviawithibiza,mind.mingle,quizbunnys,cloudykidssongs,quizxtreme,challengepulse,engexerc,quizxtreme,quizwhiz420,thepeaksuccesss,quiz.trivia.tok0,quiz_master111,brainbite93,fun_quiz2,ramdom_quiz,info_real360,trivqi,mind.mingle,quizqiofc,quiz_nity0,riddles.me,elitequiz_,info_nity360,quizzy.bytes,thequizzles,geralquiz,quizxtreme,abtutorship,quiz_cave,belajar.bersama180,cheetahtriviatribe",50
#triviatime,",,lets.playyyyyy,thebrainypedia,triviatimewithmsl,triviatimewithmsl,quiz_labe2,leleph02,triviatime97,trivqi,whatdacook,jigyasha.bunu,travelmania000,thebrainypedia,mindbenderhq_,jeopardy,bradyyourtutor,user1223005907954,hangbomquocte0,thebrainypedia,mind_.maze,talktothenation,abtutorship,silviacardozo756,triviatimehq,leleltjuock,guessmaster3,muffymarracco,onebrainiac,lele91917n1,thebrainypedia,thebrainypedia,triviatime97,triviaboyph,info_real360,quizmania65,maketriviatime,quizmania65,thinkingtrove,_triviatime_,thepeaksuccesss,triviatimes92,thepeaksuccesss,thepeaksuccesss,_triviatime_,bbpsychooooo,thebrainypedia,info_nity360,tiktoklive_ph,alisalb4rr0sa",50
#trivianight,"klemfamily,klemfamily,klemfamily,klemfamily,klemfamily,klemfamily,klemfamily,klemfamily,klemfamily,klemfamily,klemfamily,triviadownph,klemfamily,klemfamily,klemfamily,klemfamily,thecareyfamily,itshardlyworking,klemfamily,key2_love,klemfamily,maki.dm,community.hub.ist,tiktoklive_ph,awesomecxph,klemfamily8,games4two,gamenightchannel,brainybitesquiz1,ifthencreate,_ritabassil,game.night.trivia,extramediummedia,ourfookinhouse,extramediummedia,trivqi,user1223005907954,quizxtime,triviast4tion,gabiscorememories,quizztime555,mrandmrsquestions,sandykingx,trivianight0,urduquiz101,extramediummedia,srmastergames_,trivianight0,word.of.the.day22,quizztime555",50
#triviatuesday,"vegasgoldenknights,templebarcardiff,triviadownph,muffymarracco,triviatuesday8,jeopardamy,triviatuesday8,triviatuesday8,funwithtrivia,triviatuesday8,guessmaster3,triviatuesday8,areyousmarterthanai,quizzmenow,thinkingtrove,stclho,triviatuesday8,quiizz_tiime,triviadownph,triviadownph,prestigereality.m,randomfacts_quiz_trivia,triviastars6,thebrainypedia,quizzical.world,quizzicalpulse,genraltriviatime,user1223005907954,tuesdaytrivia,jennymartinezzz,tuesdaytrivia,funwithtrivia,_factflicks_,triviadownph,trivqi,anytime_fairfieldeast,bradyyourtutor,hashtagjustsayin,triviatuesday8,daily_quiz_quest,triviatuesday8,quizxtime,muffymarracco,iqgeniustik_trivia,muffymarracco,dailyguesses,_entertainmentplanet,triviatuesday8,jeopardamy,muffymarracco",50
#pubquiz,"karlsruhersc,geekswhodrinktrivia,templebarcardiff,lowiqpod,thelionchallenge,quizzlehead,thequizzles,quizmeisters,shortman_chels,mahanlankarani,mahanlankarani,jamesdoesquizzes,mahanlankarani,greatbritishmemes,the.strath,itvchase,bradyyourtutor,thejackohype,mancity,mollychambz,thistrippyhippie,distinctiveevents,philc84,easy_spanish__,markthebeastlabbett,paultearse,inquizzitive,distinctiveevents,distinctiveevents,drunkensailorquiz,distinctiveevents,distinctiveevents,distinctiveevents,distinctiveevents,spottedatpollock,brainfartsquiz,netflix,distinctiveevents,distinctiveevents,rachelsarahparris,ourquizmaster,cashmere.qt,distinctiveevents,distinctiveevents,ramdom_quiz,streetinterviewsofficial,letstakeatriptopast,quizwhiz17,pubquizzes,mair___georgina",50
#funfacts,"randomfunfacts3,berriyeon,fun.facts.quiz,yosuaasetiawan,its_hapigaming,thegeographyexplained,polynploy,unbelievablefactss1,needtoknowledge0,uselessfacts07,mrs.b.tv,learnism,lightbulblogic,uselessinfo_real,wehbatalagaa,isntfiction,realmadwolf475,thexoutliners,thepetcollective,funfactwww,oneminutepast,funfacts0811,youdontknow_it,eggman123123,factsandideas2.0,funfact.66,iflscience,kyut.lang29,antonioparlati,factinate,superamazingfax,alwayscuriouss,pearl.dock,isntfiction,1minfactss,funfact.66,nep_funfacts,interestingtruth,knoowledgesauruss,youdontknow_it,theanh28funfact,whybehindwhat,clipss_ai,isntfiction,alex.funfacts,mindblowingfacts16,livelovefacts,listo_theory,imzempy,rachelenergyx",50
#generalknowledge,"mind.mingle,ramdom_quiz,quizwhiz17,successslide,successslide,guess_fast,successslide,learnology.world,quizxtime,guess_fast,revolee,world_quizs,challengepulse,quizzy.bytes,mind.mingle,bradyyourtutor,successslide,amazingfacts.s,info_real360,guessmaster3,generalknowledge218,info_nity360,brainbuster57,quiztimehq,quizwhiz17,ramdom_quiz,quizwhizcharlie,sanwalmaps,daily_quiz_quest,quizzy.bytes,laughhumor1,world_quizs,laughhumor1,quizwhiz17,daily.dose.of.mot1,mind.mingle,abra.quiz,abra.quiz,world_quizs,quiz_nity0,quiz_world69,info_nity360,info_nity360,factualquiz,thepeaksuccesss,everydeiexplorer,urduvision,laughhumor1,quizxtreme,quizxtreme",50
#didyouknow,"imzempy,ruperto_9,its_hapigaming,unbelievablefactss1,oneminutepast,ourenglishkorea,scorpionros,brandon.woods200,uselessinfo_real,easyhealthdaily,alwayscuriouss,luvshanaa_,15.76048831,luvshanaa_,youdontknow_it,wasallyy,lightbulblogic,franchezkazyrine,factsphere0,brandon.woods200,im_siowei,brandon.woods200,itsmegrace_21,signor_ted,unbelievablefactss1,hulu123_cat,isntfiction,mindblowingfacts16,janneksplace,wolfthefacts209,youdontknow_it,offlainnnn,sebaxs_tian,kingfushi,randomfunfacts3,listo_theory,offlainnnn,offlainnnn,jadega_98,bbpsychooooo,offlainnnn,______quiting,w0nyflowersz,storyvaulthubx,offlainnnn,_was.yen,mjgigantana,pw22350,tzurumiiyu,youdontknow_it",50
#knowledge,"english_with_mi.15,whybehindwhat,mind.mingle,az_mediaofficial,physics.7,quizwhiz17,knowledge761531500,internetentforu,comfyknowledge,knowledge.kyal.zin,alwayscuriouss,info_real360,willpowermyanmar,moviemm11,knowledge.kyal.zin,factsfactory07,askvinh,oneminutepast,knowledge.kyal.zin,quiztime101_,dailycuriousfacts,unbelievablefactss1,farikharachmawati,selfeduni,houseofhighlights,khatienganh,youdontknow_it,aquarius_myat,thutaswalsone,explainedstuff,knowledge.kyal.zin,challengepulse,ugmotivation,ramdom_quiz,drsyedjamalshah,ssktech2,world_facts14,nomirich,waqasshah6842,knowledgeworld075,randomfunfacts3,knowledgeispower.1,coachhtet18,kohan2024,99knowledgesharing,agungpino_,chris_levi22,chris_levi22,mrs.b.tv,shortjisik",50
#quizmaster,",,,,,,,,,ko.quizmaster,quizm4str,movement739,quiz.master69,quiz.master50,quizm4str,thewisemindquiz,quiztimehq,thewisemindquiz,guessmaster3,quizmaster.usa,quizztime555,quizmaster923,quiz.master793,quizmaster3g10,quizmaster923,world_quizs,quizwhiz17,oldvsgold,quizs_masterz,quizmastertok,daily_quiz_master0,guessmaster3,quizmasters._,quizz.master68,quizztime555,mind.mingle,quizmaster.2,quizmastertok,quiz_master111,quizmastertok,user3115606830991,quizmasterkun,quizmasterkr,quizmaster077,thepeaksuccesss,quizwhizcharlie,quizoftoday0,quizwhiz420,zara79789,knowledgetest_",50
#triviaquestions,"trivqi,mahanlankarani,bradyyourtutor,thebrainypedia,guessmaster3,drunkontrivia,what_wouldyourather_12,quizxtime,mrandmrsquestions,info_real360,quizmaster.usa,thebrainypedia,daily_quiz_quest,quizwhiz17,extramediummedia,selectyourchoice,thebrainypedia,triviapoint,daily.dose.of.mot1,daily_quiz_quest,brainbite93,quizwhiz420,daily_quiz_quest,info_nity360,mindworks.quiz,cheetahtriviatribe,mahanlankarani,mind.mingle,quiz_labe2,daily_quiz_quest,info_nity360,quizmaster.usa,extramediummedia,user1223005907954,mahanlankarani,quiz_world69,_factflicks_,quiztimehq,extramediummedia,brainbite93,puzzle..box,challengepulse,mind.mingle,trivia..trove,extramediummedia,thepeaksuccesss,thepeaksuccesss,quizxtreme,triviaquestionzzz,quiztimehq",50
#triviacrack,"triviacrack,mahanlankarani,quizzical.world,mya_no_miguel,kida_warriors,triviacrack,mahanlankarani,mahanlankarani,thebrainypedia,triviacrack,triviacrack,bradyyourtutor,sammjalal,triviacrack,triviacrack,drunkontrivia,its_shax,trivqi,triviacrack,cheetahtriviatribe,thebrainypedia,atlasace0,mahanlankarani,yourbrainbuster,extramediummedia,wafellow,tiktoklive_ph,yourbrainbuster,quizxtime,whispershusbandandbf,triviacrack,itvchase,thebrainypedia,quizgo.oficial,quiz_world69,yourbrainbuster,travelmania000,daily_quiz_quest,triviacrack,info_nity360,puzzle..box,triviapoint,knowledge_explorerquiz,a.j.laude,quiizz_tiime,sammjalal,houseofhighlights,nadan_quiz,quiizz_tiime,triviacrack",50
#trivialpursuit,,0
#triviacrack,",,,,,,,,,,,,,,,,,mahanlankarani,atlasace0,extramediummedia,tiktoklive_ph,wafellow,whispershusbandandbf,thebrainypedia,triviatime97,yourbrainbuster,quizxtime,thebrainypedia,itvchase,yourbrainbuster,triviacrack,travelmania000,quiz_world69,sammjalal,yourbrainbuster,knowledge_explorerquiz,puzzle..box,a.j.laude,triviapoint,info_nity360,quiz_world69,quiizz_tiime,triviacrack,nadan_quiz,quiizz_tiime,triviacrack,houseofhighlights,word.of.the.day22,prestigereality.m,quiz_world69",50
#trivialpursuit,"final4986,kylegordonisgreat,bestgametrailers,superimpulse,woosung.boardgames,boredboardgames,lau_ramoso,pursuitoftrivia,theopgames,pursuitoftrivia,caroline_and_tanita,pursuitoftrivia,stranger_pops11,pursuitoftrivia,pursuitoftrivia,pursuitoftrivia,ootbgaming,caroline_and_tanita,beatpellahouse,potatorach3l,smoshclippies,triviachat,hellopickle,holliday_jones,pursuitoftrivia,danwatchesmovies,pursuitoftrivia,danwatchesmovies,danwatchesmovies,kylegordonisgreat_fan,danwatchesmovies,trivialpursuitbrasil,jellysquiddd,english_marathon,parsl3y,tick_tok_rishi,trivialpursuit11,trivialpursuit11,sporcle.com,debfench,triviacrack,nerendis,alssolo13,haleymcgrath5",44
#quiznight,"community.hub.ist,urduquiz101,quizztime555,klemfamily,klemfamily,triviadownph,elitequiz_,klemfamily,quizztime555,thebrainypedia,himildang,josephmmontecillo,gamenightfun1,bradandmill,quizzylovebirds,world_quizs,belizdegilbelis,klemfamily8,quiznight4,trivqi,makki.masjid,bigquiznightin,laurakalty1,universitygamesuk,world_quizs,quiznight4,guessmaster3,ramdom_quiz,dblifestyles,ozyurekz,quizzylovebirds,quizwhiz17,belajar.bersama180,spookyshalloweenheels,_ritabassil,quizwhiz17,user3115606830991,quizzylovebirds,quizbunnys,quiztimehq,quiznight4,sangsikbus,quizzy.bytes,quizxtreme,umy_tly,thequizzles,brain_zone00,reelriddles_,abtutorship,quizcapital_ke",50
#trivia,"bradyyourtutor,trivqi,quizzical.world,mahanlankarani,triviatime97,the.filipino.quizzer,word.of.the.day22,info_real360,what_wouldyourather_12,thebrainypedia,quiz.trivia.oficial,quizgo.oficial,brainrotmafia,daily_quiz_quest,ourfookinhouse,daily.dose.of.mot1,triviawithibiza,quizgo.oficial,duckyquiz,tiktoklive_ph,funquizzes4u,quizxtime,info_nity360,mind.mingle,mind.mingle,extramediummedia,triviatime44,houseofhighlights,tentangsekitarr,quizwhiz420,funquizzes4u,thepeaksuccesss,humor.mee,oddsoxofficial,quizlet07,thepeaksuccesss,user1223005907954,sabio_quizz,drunkontrivia,cheetahtriviatribe,maplelife_vancouver,quizxtreme,quizmania65,universoquiizz,quizwhiz17,quizgenio.es,mrspider,animalescuriosos13,quizxtreme,trivia..trove",50
#triviachallenge,"thebrainypedia,trivqi,bradyyourtutor,user1223005907954,duckyquiz,user1616000883671,dailyguesses,quizizi,mahanlankarani,thebrainypedia,daily_quiz_quest,guessmaster3,klemfamily,thebrainypedia,justsirreyjon,betweenthecut,brainbite93,info_real360,quizxtreme,extramediummedia,drunkontrivia,quizwhiz420,user268184694457,klemfamily,daily.dose.of.mot1,cheetahtriviatribe,thepeaksuccesss,guessmaster3,puzzle..box,klemfamily,quizxtime,mind.mingle,mind.mingle,silviacardozo756,quiz_world69,thepeaksuccesss,extramediummedia,triviawithibiza,quizxtreme,misterriddleusa,quizwhiz17,nadan_quiz,beatpellahouse,learncreative2.0,user3115606830991,quiz_mas,urduquiz101,quiizz_tiime,elitequiz_,laughhumor1",50
#triviachallenge,"bradyyourtutor,duckyquiz,trivqi,daily_quiz_quest,dailyguesses,user1616000883671,quizizi,mahanlankarani,user1223005907954,thebrainypedia,lostristestios,betweenthecut,guessmaster3,klemfamily,justsirreyjon,info_real360,mrandmrsquestions,quizxtreme,drunkontrivia,englishquizlearn,extramediummedia,quizwhiz420,guessmaster3,cheetahtriviatribe,daily.dose.of.mot1,klemfamily,mind.mingle,extramediummedia,quizxtime,mind.mingle,thepeaksuccesss,triviawithibiza,klemfamily,puzzle..box,thepeaksuccesss,quiz_world69,quizxtreme,misterriddleusa,silviacardozo756,extramediummedia,quizwhiz17,nadan_quiz,beatpellahouse,quiz_mas,elitequiz_,learncreative2.0,user3115606830991,daily_quiz_quest,_factflicks_,everydeiexplorer",50
#rapidfire,"raceliferacelife,tuca27198,fritztunedxdreamtips,boss_jeru,bammsskkiiee,samuel_sagun,samuel_sagun,tatakdynogensan,da4thstreet,wil_ochoa,deadshotgadgets,nrlknights,yonex.id,biathlonworld,maw_yap24,itsjordysworld,salbahingfi,terrancepieters,evanaofficial0,eddybudeddy,jackrob_yringan,nelson.basalo,why_areyoulikethat,tanjilalumpa,itsredfusionyt,von.villamar2,chloesbudegabikeshop,kuulat,mr...nix,vain_clips,moniifybusiness,articraftmc,pisieks,asaki549,mw_ashinaa,juirland.haincadt,raider150project,mangfredy15,rienpogzkuyan,jlworks2015,rynkvin,akosiniko5,thedailyintermission,concepts.inspired,macdseven,drewbarrymore,motorshop.accesso,ejandeljay,rymndzz,klenthjohndeguzman",50
#gymmotivation,"ducchienfitness,gainsbydre,wickpie,wickpie,motivatedmindstate,eli.gymislife,1pro1propro,soberland,rumbo_varonil,vibegainz,amelieeknr,bulletproofculture,diamondpushup,lil_morimori,_bestversion,dyl_sayers,dyl_sayers,tren_tosterone,azrodfr02,aesthetics44447,azrodfr02,josuepxl,magesshwarren,sofymackfit,nderesi0,dyl_sayers,pwo_motivation,gym_corehub,muscleandmindcoach,youthisending_,syz.mv,jessicabickling,peterchristian_,hwangseungbin29,adnanksiraj,ameliafranssisca,gymsoundd,alphaahabit,puckvandrenth,young__hwi,its.izzyx,getbuffednow,gym_motivated_pre,jeanmotivations,erlyndon1andonly,jeanmotivations,syz.mv,william.ryota,ldfitness_motivation,bia_boing",50
#workoutmotivation,"diamondpushup,amelieeknr,wickpie,sashalusslover,alina_body.fit,motivatedmindstate,dz_smilking,antomp_sw,muscleandmindcoach,wickpie,syz.mv,sashalusslover,dyl_sayers,azrodfr02,hehsidbbahs,exist2suff3r,sofymackfit,_bestversion,nderesi0,sw_phineas,veinz98,xuujs,noctrenze,krit.tmw,jessicabickling,1pro1propro,thefashionjogger,aesthetics44447,puckvandrenth,lucas.kth,hwangseungbin29,dyl_sayers,young__hwi,iaann9zx,youthisending_,shniztiktok7,gymsoundd,erlyndon1andonly,mini_aoe,empowermindshift,hardbulltraining,jmfittt,aesthetic_iwz,icannajaaaa,ktfranklin,thiengocfit23,melissatortega,gymxlean,adnanksiraj,allblanctv",50
#riddle,"misterriddleusa,riddlemr.x,silentmath,misterriddleusa,riddles.me,brainenigma_,aishaxhader,misterriddleusa,riddlerealm_ebms,officialmjcmatthew,the_gooch,mmmjoemele,mrspider,enigmaquests1,riddolls,riddles.me,riddlemasterr,riddles.me,mind.mingle,riddles.me,enigmaquests1,mmmjoemele,katiesinclair816,myriddle3,myriddle3,myriddle3,puzzles_and_riddles,mikethechameleon,myriddle3,quizwhizcharlie,myriddle3,myriddle3,myriddle3,riddlerix,myriddle3,puzzles_and_riddles,puzzles_and_riddles,myriddle3,guessmaster3,jennieandnickspuzzles,pearl.dock,drriddle57,ghst86,wian,budarns,intuitionarts,sketch_a_lyn,quizvibe1,ch_shaibi,myriddle3",50
#MindBenders,"ellisbrigham,dolorescannonofficial,parkpros,shona_aleex,freshdailyedmonton,thisismazzi,corpsestories4596,educationaltoy66,zshonqxpgdm,dvdhits,outofthehat,curiocitycanada,clickstalent,sarasweirdworld,chrisp.md,motivibes389,itsmattw_01,plzdonot,mindb3nders,yungmuse,mindb3nders,mindb3nders,infinitespaceofficial,riddle_warm,thathorrorbish,magicgarethtok,educationaltoy66,4jaybenandtej,illustrationcandy,educationaltoy66,rae_spirits,rickysixsixsix,educationaltoy66,yungmuse,mutinyz,shykhbakar,coco923d,reliving_history,mindb3nders,riledandstyled,harbie16,mindbenderhq_,komistra,mindbenders__,ysfpd,theriddler.ai,jpopaficionado,animationedit34,mindbenders__,aqua0224n5z",50
#RiddleChallenge,"enigmaquests1,aishaxhader,enigmaquests1,officialmjcmatthew,riddles.me,riddlemr.x,quizwhizcharlie,amanda_carluccio,misterriddleusa,puzzles_and_riddles,theadleyshow,brainenigma_,theezzshow,puzzles_and_riddles,riddle.tests,drriddle57,miafinney,riddles.me,daily.dose.of.mot1,myriddle3,riddlerix,viralroot,mrspider,myriddle3,mmmjoemele,quiz.riddles6,riddles.me,myriddle3,myriddle3,quizzwithava,guessmaster3,myriddle3,riddlesmischief,quizvibe1,tech_and_we,the_gooch,leowova,myriddle3,allison.zinckerob2,leowova,mmmjoemele,riddleninja80,ky.iquin,riddles.me,themakeshiftproject,quiz.n.riddle4,7insightgames,quizzwithava,ingmar.ka,quiz.n.riddle4",50
#PuzzleMania,"puzzlemania.net,puzzlemania.net,viragbuza89,puzzlemania.net,puzzlemania.net,thegamesteam,puzzlemania.net,puzzlemania.mx,phoneefridof2t,thegamesteam,puzzlemania.net,puzzlemania.net,puzzlemania.mx,babanastya_,puzzlemania.net,puzzlemania,puzzlemania.net,puzzlestumecompletas.com,puzzlemania.net,gizacelya,jogos_puzzlemania,puzzlemania.net,puzzlemania.net,puzzlemania.net,nathiely.16,puzzlemania.net,familygameschallengekh,yayangmoko,jogos_puzzlemania,puzzlemania29,nigame,puzzlemania.net,jogos_puzzlemania,playwithyoshi,taylor_n_theboys,superant_maxj,ccsoutdoors.ytb,rayhanrasyaarts,nelymaidaa,puzzlemania.com,jogos_puzzlemania,hassan.ismail841,puzzle.mania_,puzzlemania.com,puzzlemania.com,puzzle.mania.bolivia,puzzle.mania.bolivia,puzzle.mania.bolivia,toyheave,puzzle.mania.bolivia",50
#SolveThis,"your.bummy.math.tutor,gauthofficial,stunningscenes0,snoozebuttom,quiz.n.riddle,impulse_games,theadleyshow,7insightgames,enigmaquests1,yasin.and.mujtaba,wizeprep,3idiots,puzzle.go.iq,the_gooch,quiztime4tiktok,markiedoesmath,captaincuber,themathmaticianguy,callmeaseanie,pokegemz1,yyelizece,maths.solutions.etc,heykipp,satmathhelper,vickytv258,_advntr_,jennieandnickspuzzles,3idiots,newzvibe,marcematica,wizeprep,akashkurmi083,seungbin030708,briani3d,rominagafur,chalkcuber,mathmaxmax,marcematica,whoknowspraise,mr.oscar_meow,asif_live,yougotthelook,tiktok_live_36,selfdevelopment71,lklogic,ideatimes,feb12dineshraj,isaaak_,siraj1682,testyourmind33",50
#RiddleMeThis,"jakejoshteam,theriddler121,riddles.me,selfdevelopment71,informativequizzes,riddles.me,theadleyshow,riddlemethis,riddles.me,riddles.me,enigmaquests1,myriddle3,coolnameacc,selfdevelopment71,quizvibe1,aashleyyy3,riddlemethis,miafinney,mrspider,misterriddleusa,riddles.me,puzzles_and_riddles,unfortunatelylal,riddleswithraffy,allison.zinckerob2,myriddle3,riddleninja80,puzzles_and_riddles,silentmath,myriddle3,riddlemr.x,aishaxhader,officialmjcmatthew,mmmjoemele,riddlemethis969,intuitionarts,riddlemethis1,riddle.wizz,teaserriddles,intuitionarts,jennieandnickspuzzles,riddlerix,drriddle57,magicriddler,jjoopvoc78t,wuwuhpzwnkw,andreag1015,riddlemethis951,themysterioustikt,ingmar.ka",50
#ThinkOutsideTheBox,"edelynbuhawe,edelynbuhawe,reexiemuyyy,hojeong_,cibenipayo,danshutes,brainbuzz_20,_najaeminsexy,srjinxed,tookjanggut,kiennetanjay,raniia.00,nadia.cutie,skurn,ig_ronangkikay,jupsen1,thatswiftie69,successslide,nuclioschool,englishwitheyva,jpearl018,im_siowei,teachinglittlewonderz,sirius23_,the_missing_element_,alyzangb,littlebangespresso,colorme53,colorme53,kalteaches5,herkiceria,greatghost99,profejaimi,colorme53,espn,mysticeyesmarie,nteirocornelius,theaustinmota,.versethreadz,thinkoutsideyourbox,justlovever0,charityshopsue,edebreo,amde.maroc,tungchet,kirbyllaban,artsworldunity,jordjonesuk,reality.bytess,songs.nostalgics",50
#MysterySolved,"cinnabonnny,lisahart238,horrortokhouse,d0llface3,jonastayaban_vo,hiddenmysteries8,summarizingmovies,lindsayivan,hungrycarterpillar,lowbirth,ashgutermuth,teaserriddles,reddit_st41,d0llface3,_inf0nest,citizengamepod,oliviatwistmysteries,uncanny.cases,nightttttt,historystruecrime,revealingrevelations,thexoutliners,naturetv55,scarytoontales,factsvideo.en,insxne31,hauntingfactss,lfq19296,depthrescue,hantruecrime,premiumpets.ltd,gedaliah,mysterystoriez4u,phillies,myriddle3,scaryvideo88,evedanika,karipaolaa,morganbartel,blissfullybreaking,_tomanderson16_,abcnewsaus,secretoftheearth,dario.dinuco,zeerynnmc,mischiefthemermaid,malfawl3,11vibes,reinventingjocelyn,educationlaboratory",50
#RiddleTime,"ddaatdjdqnc,yuyuewmz3r8,jjoopvoc78t,yuyuewmz3r8,theadleyshow,repnicktv,bmbmkkqqnpb,informativequizzes,pearl.dock,enigmaquests1,nufamathey,wian,wuwuhpzwnkw,misterriddleusa,quiz.n.riddle4,daily_quiz_quest,nufamathey,doloresdaexplorer,guessmaster3,lantern.riddler,agnes.naomi,riddolls,quiz.n.riddle4,riddle.timeee,brainenigma_,germanriddler2,nufamathey,pearl.dock,riddle__a__day,lantern.riddler,mystic.ape,riddlelovers,myriddle3,cleverclues01,puzzles_and_riddles,germanriddler2,miafinney,oli968fm,tkabvff66,germanriddler2,myriddle3,myriddle3,mrspider,nufamathey,myriddle3,samayafitri,nufamathey,riddles.me,leowova,nufamathey",50
#usaquiz,"mind.mingle,info_real360,trivqi,worldoffunnytoks,quizwhiz17,info_nity360,humor.mee,talktothenation,trivqi,info_trivia,quizxtreme,elitequiz_,quiz_nity0,info_nity360,info_real360,quizwhiz17,quiz_nity0,quizmania65,anglaisfacile7,thequiztitan,quizwhiz420,trivia.lol,info_real360,quiz_nity0,info_nity360,info_nity360,info_nity360,info_nity360,info_trivia,quizxtreme,info_nity360,info_nity360,quizxtreme,info_nity360,quizwhiz17,info_nity360,quizmaster.usa,info_nity360,info_nity360,fast.quiz.dsteags,info_real360,quizmania65,thebrainypedia,mindbenderhq_,quizzy.babe,cheetahtriviatribe,quiz.time342,guessmaster3,info_nity360,info_nity360",50
#filterchallenge,"ladbabyofficial,aiesports4bots,enjoycouple,morefilterdude,callmesezin,hassa_actu,elliemillar96,elliemillar96,fk_project0,sheilagamo,dadandcloshow,matthewandryanuk,supervinzt,supervinzt,azkavsnada,maddy_boo_dog,supervinzt,siraj1682,ana.beeko,coinfamily_,tappking,chada6in,dadandcloshow,_did_ye_aye_,kikagriffin,efitopalidii,thesalyuten,alextiis,priscilliadeasy_,thegoodmoodspot,siraj1682,johannagrunp,x3_sini_mini,johnmarcvanwyk3,siraj1682,illysillyyyy,amandatot1,rucenuenda1,momshieodille,vessbroz,dadandcloshow,ladbabyofficial,respectnet123,joyblznartooni,maysanmpg,thesalyuten,notbriannaguidryy,siraj1682,siraj1682,siraj1682",50
#WednesdayDance,"wandaxsbf1,gkrisw,themermaidelle,beats_op_2099,wednesdaycosplay,happykelli,happykelli,cciinnn,varietymagazine,meosimmyyt,magiciceskating,byung_ari,netflixbrasil,dubkovapo,jenna.o_3,kiki.kids00,enchantedtearooms,belladuenas,wosap,francis.cosplay,tachitach_,ericeruptiontai,hoaa.hanassii,taylor.is.my_life,the_fake_ortega,marystarstories,yeong.e,realpatricktoons,aidancepulse,kellykimkai,xjoshdriscollx,maxcy.st,sarakordi0622,baby_annie1807,wednesday___offical___,dream_team_house,infinity_music12,eternalworld.id,jenna.ortega.fan.tok,wednesday_colman,neural.max,themooniesofficial_,okoleleofficialtiktok,outofcontextitok,jgcruz3d,darkymayhem,mytalkin2,hasvlx,zepetogirls21,j4nnaortegaeditzz",50
#WednesdayAddams,"ezthersw,gkrisw,iwannakillthemall,jharnabhagwani,wednesday___offical___,edgarlm_,the.last_emperor,netflixph,animeedit.nut,wandaxsbf1,amazonmgmstudios,zhanademm,songlan86,beats_op_2099,yeong.e,meosimmyyt,mcnik24,elsaroshe,sylwandax,allwednesdayedit,tra.dang.904,kiama.o,sylwandax,the_fake_ortega,wednesdaynetflix,cristobal.anime,creative.ae,artemis616_,ghs_korea,dream_team_house,sylwandax,mcnik24,volcogot,hns.55,ghs_korea,amitu.edit,xoteam,taylor.is.my_life,netflixde,rewider23,laraartcraft,glxwsedit,volcogot,ghs_korea,sylwandax,yeong.e,netflixgeeked,rewider23,hoaa.hanassii,alexxeditzs",50
#NetflixWednesday,"netflixbrasil,wenclair047,netflix,netflix,wednesdaynetflix,netflixph,xjm.edit,netflix,la.cinestacion,beats_op_2099,sylwandax,netflix_demo,dnssmriee,gkrisw,blaiirfx,creative.ae,kiama.o,netflix,a.bite,netflixph,netflix,ghs_korea,ezthersw,netflixph,nelyrall,maxcy.st,netflixph,maytree_music,volcogot,sylwandax,chiflicenz,videocandypro,netflixmy,iwannakillthemall,the_fake_ortega,edgarlm_,netflixde,wednesdaynetflix,aditonya,volcogot,sylwandax,elsaroshe,ghs_korea,ringwitdahoodietwixtor,hns.55,volcogot,netflixturkiye,yeong.e,seventeen,gagirardi",50
#DanceChallenge,"s2rzysko,tessa.bear,dancejoa_2005,a.romanowskii,grl1s_nyc,patriciamulyana,fronting_official,whos_kha,ayeshakimsarmie98,raffymaglaque,shu_gang,wldb9932,hearts2louv,kellykimkai,jk7.rumeysa,lento.lento,rankingh_,molmol15925,dada_everything,namdareun_,lento.lento,banana.wwww,milad.on.the.run,chayxt__,kittyandkakai,k.cherryrrehc,ten_yujin,rhythmattack_holybeat,itzyofficial,popsong25,purpleleeworld,dada_everything,ies.sha,angelinawj,gretaa_1.0,k.cherryrrehc,iam_hyeriiiii,iam_hyeriiiii,yunamong_,purpleleeworld,purpleleeworld,pdscrew,ssohirin,doraroxi,rraradaaa,nq_thao,angelinawj,2ye_won.kr,ann1609_,kannchan11",50
#GooGooMuck,"zaacazaxsa,capcutplantillasparati,song.edit,luhvliexo,minu.eto_,ipsaous,_lisa_hnk,swiftsgrammy,averill._1,cesarmontes_2,hakimsalimi007,gagirardi,me_n_t,aoapunk,dynrtt,mikasasse,softly.overlay,trendformusic,wisemermayd,reflections.e,bianca.mallorca_,katharinayuliani,aranivah5,wrancheez,tuangprchy,gaeeforwomen,flightukulele,verdantfilms,antoinechevalier_guitar,s4turnnoff,fridasgrave,its_brannannn,...6bullets,svmzqaepofficial,music_radio,d3fn0tlala,expressolove,_danafee,luis_loal93,magicevl,byco9,vsx_lyzz,enchantedtearooms,songssbyjade,shairabhan,sp33dsongsx,strngerarea,fafarrendlle,audixxeditx,zeaneah08",50
#FlipTheSwitch,"domixyani,nickelodeon,stxph.h,laina622,aleksihakanenn,kerimcandurmaz,azieagi,sfeashraa,bugha,todayshow,themermaidscale,sandratrener,princeroyce,mlp_edizzz,wolfie,.il0vmusic,piersonfode,shubham_goell,ericartell,ellendegeneres,onebradylady,dana.dair,bngh.0,carissaawr,lea_ghaziri,x..inspo4you..xx,juju_.halt,thetodayshow,aliciadarleen,drii_modelos,i.findpeopleconfusing,f1,rayeaudios,__franck.alane__,kittyvariya,brookemonk_,hussansial,partymachines,remilemm,jxdednails,theconcertclub,jnmlo_ol,dayana_anayadd,fliptheswith,paranoia.sounds,sydsbeautylog,peterandfriends00,7j.family,judeee1028,getperformingwithjerome",50
#DrakeChallenge,"piersonfode,alessandra.ressam,brave.candyshop,misa135855,angelinawj,magicmannex,mamachels22,imnewdance,ilham_slw,maxgrabel,umusicse,yourhomiejilt,alinj001,sophy1s,hzh04317,phoebe.mulyana,fortnite....emotes,ntltco,catherinemcdonough1,nevaaadaa,etchasketch.queen,mosabmalki,rubenfreses_11,emotionallove2x,s3bast1anf,trendyrics,layvink,yuyu_r5,salvamg28,sssorn_chonnasorn,kacey_cl,darkdrakerises,kooshie1,andr3esx,dadlifejason,melodic_demon.x6s,nellasauce,trentiin,teeskiii0_,kanademimimi,lyricsmonstar,luminarylyrics,jicciboy,torrelltafa,mightyfit1,justmevibingg,bgyo_ph,yourbestview,landenpurifoy,ky0wwww",50
#OutfitSwitch,"brooklynandbailey,trangvy__,oshima_siblings,stevenwommack,vv23235288,harry.nista,tomboy.style.2210,tyle1994,sue.giers,_hi_choco,vibeswith_mie,schwester_ko,tomboyvietnam260615,baochii,aspenvy,k.cherryrrehc,schwester_ko,mmivia,nemyrychkate,itslizakii,lovegirl210202,oshima_siblings,lizzzaaaa05,hersimplesole,tayhage,audreyycorneliaa,mariona.roma,westalewood,tutkuseber,waatafuk,clauduua,joebrownsofficial,alice_nevin,alvaro_drafty,leonieerdbeer,gigicheoh,nathalielarche,ever.tops,litoemma147,sharawngsml,lisamarie2460,litoemma147,artantya,stephcn_,akay_rhodes,remolacha.workshop,ai_videos_2025_,cb.db_,switch.outfitph,msmo.id",50
#SwitchChallenge,"domixyani,official_mirae,seorin.an,wewearcute,caloyquemadaofficial,todayshow,itspierreboo,chumyatsandioo18,anyarinsweet,aliciadarleen,sandratrener,runcavdirector,musicontiktok_kr,karl_kugelmann,shubham_goell,yasoncat,theyhates_kjoee,yerin.vibes,vibeswith_mie,adrinehme,flyyynmrqz,sooshimango,brooklynandbailey,aphangvanvan,mr.reactorr,lea_ghaziri,abay124512,ive.official,nuttyploy,itssissyguevara,kasumi_newone_0523,derya.tavas,cellanataliee,babymonster_yg_tiktok,maisaakayy,saimir_klaudia,insta5.kr,waatafuk,greg__off,fieraroslan,lisaconta,carlyncabel,thissie121102,2jay_na4,stxph.h,franny.paap,yuringding,level3daren,ive.official,cheyannestein",50
#TransformationTok,"camilapudim,think_now,welle.edit,.ashley.kay,miahhcarter,a_rsk3017,emmazfitness,emmazfitness,emreada_,maureennaudts2,cramakeup,omestredoia,voronina_valeria_,payorjared,learningwithnk,emmazfitness,johnnycool_01,anastasile,paytonseveride,gillianxgrace,adnanksiraj,viola_concept,omestredoia,laura.ooe,faryal_fairyyy,ig_chanhebe_,_eyeina,makyajviddeolari,emreada_,tipsvlogs,omestredoia,jennygiesler,airabyue,guimsouza10,silverqueensandkings,insha.warsi49,melissatortega,brollyuppercut,paradise_uv,victoria.azuara,sophiehannah,angelsign_,alfa.supremo11,zikronlift,makeup.by.sadia,omestredoia,lift.with.em,diinaxxy,ellesrcd,ziizzouu6",50
#BlindingLightsChallenge,"straykids_japan,straykids_japan,the.mcfarlands,itsjennaraine,straykids_japan,theinspiredunemployed,fortnite,onlyoneofofficial,allisonholkerboss,straykids_japan,muffing.playlist,sunriseon7,giannagiovenco,fujiwara_official,kenmoves_,kyon0303,tori.segura,charmingbears,alexdwong,hangyul_99,sofiaguzman68,rubylocknarofficial,harelasafs,katherynsacheri,smarabs,whynotcoverup,bridgetmchugh08,mattsteffanina,brodiescottt,titolizzardo,burnthejukebox,universalmusg,elenasania1,littlevasechka27,ladbabyofficial,yejiroomarimba,estemantiktok,loimusic,bethanyconnaughton,nielsontriplets,culchacandela_official,ameercorro,flymartyy,rinmia,music.rmery,shaunt,_georgiapearson,johanssonjack,tomakio,tumusicahoy",50
#BlindingLightsDance,"itsjennaraine,theinspiredunemployed,onlyoneofofficial,sunriseon7,fortnite,musiiicas,kenmoves_,tanaka_kimhongnam_kkw,fujiwara_official,straykids_japan,the.mcfarlands,katherynsacheri,derekhough,mattsteffanina,kishidan_staff,music.rmery,ballroom_and_latin_ash,rubylocknarofficial,allisonholkerboss,aldoolmedo1,giannagiovenco,kakayo1010,kyon0303,harrisonswanson,ancientfrontier,alexdwong,yoyoivan,thesavbananas,martindauchez,amiko_dance,giuliabernardino,sole._mtz,taimoves_,titolizzardo,brodiescottt,xarlosivan,tumusicahoy,johanssonjack,_georgiapearson,culchacandela_official,manuelpiresantos,nataraja.academy,pepecharly25,charmingbears,superman_zo14,jannegarcia,musiclife9x,sofiaguzman68,harelasafs,ladbabyofficial",50
#TheWeekndChallenge,"xbigmac,norvia066,sanjosejules,alinexue,ylvision,theweekndffans,nellasauce,mariamariesongs,di.silver,ceerice,_skinnyalien_,itskayredmusic,im_nalaaaa,nellasauce,_k_k_k_0,beatpellahouse,jerricaalyssa,someonelse03,carlinou3,ystarspot,nathandavisjrndj,jaydensalaam,oldnameworld,angelinawj,mc.talia,ilham_slw,danceglitch,best.songsx10,iamkeroll,lando.music,nellasauce,ejxenx,zerns,lento.lento,evelynocappuchino,applelyrics,applelyrics,lakw.tv,marcos.twd,jayvee_jerrymer,mauve.music,puppet_alp,fiscooemo,paytilately,mc.talia,kohkun018,just.elias,yanyannnnnn__,roosterteeth,cornishmum2",50
#FamilyDance,"theldnfamily,ranzkyle,from_mean,heyitskiley,haystarner,bol_arnold,isabell.afro,beccahodgson12,fastdance.official,orangejuice_080,theldnfamily,kwn.yan,gustavokrystaldance,theldnfamily,nina.rz__,dadsgotmoves,theldnfamily,ranzkyle,heidelvillage,keenanknight,.im.here000,candykohkl,maycabrasil,k_figuracion,theldnfamily,melaniewilking,gernotundseref,bol_arnold,lenedre,phoebe.mulyana,alphaandnatalyn,dj.lolonyo22,beanknight.dance,mom_and_son_and_cat,jagmacmusic,familydance74,therealjoshuazamora,themodernsinghs,thethomasfam__,flydancedimaryconcy,janmarini,choi_family17,shairealitytv,haidersyedofficial512,lambees2,maddycarol11,kimpoy_guerrero,ranglovesyou,familyateam,carminepontelli",50
#GroupDanceChallenge,"peachymangopie23,laysha_goeun,krisyjwk,inbliss.dance,upcrew102,kfel_11,super21girlies,koty.company,mooonmint,showtimemannyyy,vxonofficial,ies.sha,teambuildconstruc,lecountrysportsclub,vxonofficial,dancinglists,sibal_ivarry,vxonofficial,thayhuydaynhay,bgyo_ph,yoe.erline,quiner_sisters,yuki_dance_,super21girlies,lorrabbatz,del_daniel6,thegrouptrends,czxchna,jule_stss,delosaaaa,layla_.mckenzie,dancinglists,mky.95,k.cherryrrehc,glaizabulgado,ngaongo2014,vanbha_officials136,sophia.kumbartzky,ruvil_dance_crew,curiano15,inbliss.dance,cairo.crew,lyngellecuzz,altheacarisse,btr7official,jpbbcl,sanrise.project,kmbrlyporras,super21girlies,melavenezia",50
#CameraFlip,"kokketttt,dreamycam.id,ruby_and_touly,jollibee,redlynaa,pika71700,lovevery,keemokazi,andreaandlewis,geek_tv,just_eliias,lassielite,msrachierae,mackinnon_bruce,onesstudiocamera,mobigyaan,shevonsalmon_,alishquiche,frendigicam,redlynaa,somakethefriendbracelets,mobigyaan,qj.camera,jny_ugc,elyxirine,nataliesoutlet,nisablank,squarelovin,savebajet,yaelquiambao,slgbrands,ann.dyu,jrgonza1ez,ambercarny,angels.digicam,dji_official,retrocam.id,mobigyaan,battersea,dabzndawgz,mothernutter,wooks94_,redlynaa,thiri_htet_htet_oo,oreo.o8,gabriellamonicaa,airfield_estate,gen.patria,deejaycamzz,insta360_official",50
#FlipTheCamera,"jollibee,ladbible,lovevery,msrachierae,circusppc,keemokazi,womenslacrosseleague,andreaandlewis,ruby_and_touly,shevonsalmon_,nataliesoutlet,mothernutter,mackinnon_bruce,battersea,itzlibertyyy,lionel.the.dog,ndhrhs8,thesparkcoffeeindy,oldenburh,nr.afrina98,squarelovin,ewafarnaofficial,lassielite,somakethefriendbracelets,elyssmartinez,zimamariefi,mobigyaan,heywhatsupduck,savebajet,pres_castleisland,dabzndawgz,elyssmartinez,dreamycam.id,indigo.telkom,redlynaa,just_dane3,thesocialpresenceltd,thatcatdobby,hannahelphickk,pagengifflar,yaelquiambao,allyyycattt,manteestory,gakulange,ambercarny,xin.nine,pika71700,woulu_,gabriellamonicaa,nazmargp",50
#TikTokTrend2025,"kikifikri_1,whos_kha,tiktokmashupin2025,teynsplays,gigi_maya15,deeee.n,imsearn,mas.tama77,itz_aya_j,merliyaaahhh,patriciamulyana,raffymaglaque,j.dale,tiktokmashupin2025,yhienkikay,saniasilviana,sophielaverie,jamesandjasmin,xiaowei_fans,aili26.02,mansababe07,user283743728283,justivy_1218,ananah0831,lyvib,zealixir,eun_15.8_,angelmendoza.xx,mcevoytwins,playful.in.prek,missdelacruz24,crlngjmnz,indrimey01,sleimurf,urbaifyang,tonyton221,kellykimkai,juliatanaka7,a.dgdgn,lotie26,sienna_valle,sami6ya,fairy9._.y,morenaaaa893,lhaine11,angelu_leynes,m.yznjk_,san_xian,fk_project0,fujy._",50
#UnexpectedReveal,,0
#HumorTok,,0
#SnowGlobeCocktail,,0
#CocktailTok,,0
#HolidayCocktails,,0
#FestiveDrinks,,0
#TikTokBartender,,0
