1,Challenge,#2024DanceChallenge
1,Challenge,#NewTikTokDance
1,Challenge,#GlowUpChallenge
1,Challenge,#MakeoverChallenge
1,Challenge,#SoundChallenge
1,Challenge,#ViralAudio
1,Challenge,#TikTokRecipeChallenge
1,Challenge,#FoodHackChallenge
1,Challenge,#ReactToThis
1,Challenge,#TryNotToLaughChallenge
1,Challenge,#OOTDChallenge
1,Challenge,#FashionTransformation
1,Challenge,#PetsOfTikTok
1,Challenge,#PetChallenge2024
1,Challenge,#FitnessChallenge2024
1,Challenge,#MoveWithMe
1,Challenge,#quiztime
1,Challenge,#quiz
1,Challenge,#quizchallenge
1,Challenge,#quizz
1,Challenge,#triviatime
1,Challenge,#trivianight
1,Challenge,#triviatuesday
1,Challenge,#pubquiz
1,Challenge,#funfacts
1,Challenge,#generalknowledge
1,Challenge,#didyouknow
1,Challenge,#knowledge
1,Challenge,#quizmaster
1,Challenge,#triviaquestions
1,Challenge,#triviacrack
1,Challenge,#trivialpursuit
1,Challenge,#quiznight
1,Challenge,#trivia
1,Challenge,#triviachallenge
1,Challenge,#triviachallenge
1,Challenge,#rapidfire
1,Challenge,#gymmotivation
1,Challenge,#workoutmotivation
1,Challenge,#riddle
1,Challenge,#MindBenders
1,Challenge,#RiddleChallenge
1,Challenge,#PuzzleMania
1,Challenge,#SolveThis
1,Challenge,#RiddleMeThis
1,Challenge,#ThinkOutsideTheBox
1,Challenge,#MysterySolved
1,Challenge,#RiddleTime
1,Challenge,#usaquiz
1,Challenge,#filterchallenge
1,Challenge,#WednesdayDance
1,Challenge,#WednesdayAddams
1,Challenge,#NetflixWednesday
1,Challenge,#DanceChallenge
1,Challenge,#GooGooMuck
1,Challenge,#FlipTheSwitch
1,Challenge,#DrakeChallenge
1,Challenge,#OutfitSwitch
1,Challenge,#SwitchChallenge
1,Challenge,#TransformationTok
1,Challenge,#BlindingLightsChallenge
1,Challenge,#BlindingLightsDance
1,Challenge,#TheWeekndChallenge
1,Challenge,#FamilyDance
1,Challenge,#GroupDanceChallenge
1,Challenge,#CameraFlip
1,Challenge,#FlipTheCamera
1,Challenge,#TikTokTrend2025
1,Challenge,#UnexpectedReveal
1,Challenge,#HumorTok
1,Challenge,#SnowGlobeCocktail
1,Challenge,#CocktailTok
1,Challenge,#HolidayCocktails
1,Challenge,#FestiveDrinks
1,Challenge,#TikTokBartender