,
1,Trending meme,#demure
1,Trending meme,#verydemure
1,Trending meme,#DemureVibes
1,Trending meme,#QuietElegance
1,Trending meme,#SoftSpokenStyle
1,Trending meme,#GracefulEnergy
1,Trending meme,#SubtleBeauty
1,Trending meme,#ChicAndDemure
1,Trending meme,#TimelessElegance
1,Trending meme,#ReservedStyle
1,Trending meme,#GentleAura
1,Trending meme,#UnderstatedClass
1,Trending meme,#ElegantAndQuiet
1,Trending meme,#SereneVibes
1,Trending meme,#QuietlyConfident
1,Trending meme,#ModestGlam
1,Trending meme,#SubduedFashion
1,Trending meme,#2024Vibes
1,Trending meme,#MemeOfTheYear
1,Trending meme,#TikTokHumor
1,Trending meme,#ViralMeme
1,Trending meme,#FunnyTikToks
1,Trending meme,#MemeTrend
1,Trending meme,#MemeCulture
1,Trending meme,#LaughOutLoud
1,Trending meme,#TrendAlert
1,Trending meme,#ViralIn2024
1,Trending meme,#MemeChallenge
1,Trending meme,#RelatableMemes
1,Trending meme,#LaughingOutLoud
1,Trending meme,#TikTokComedy
1,Trending meme,#MemesForDays
1,Trending meme,#hearmeoutcake
1,Trending meme,#hearmeout
1,Trending meme,#smashcakechallenge
1,Trending meme,#celebritycrush
1,Trending meme,#unconventionalcrushes
1,Trending meme,#tiktoktrends
1,Trending meme,#viralchallenge
1,Trending meme,#funnychallenges
1,Trending meme,#trendalert
1,Trending meme,#forthegirls
1,Trending meme,#brainrot
1,Trending meme,#boysaresough
1,Trending meme,#tiptok
1,Trending meme,#lethimcook
1,Trending meme,#MorningShed
1,Trending meme,#DemureBeauty
1,Trending meme,#OneProductMakeup
1,Trending meme,#MobWifeAesthetic
1,Trending meme,#Y2KFashion
1,Trending meme,#BubbleSkirts
1,Trending meme,#CowgirlCore
1,Trending meme,#DiorBagsCode
1,Trending meme,#FamilyReunionSurprise
1,Trending meme,#TikTokBillboardTop50
1,Trending meme,#Bruh
1,Trending meme,#Skibidi
1,Trending meme,#SigmaMeme
1,Trending meme,#BrainRot
1,Trending meme,#MewingMeme
1,Trending meme,#AuraPoints
1,Trending meme,#TheRizzler
1,Trending meme,#SymphonyDolphins
1,Trending meme,#MemesOfTheDay
1,Trending meme,#TrendingMemes
1,Trending meme,#BruhMoment
1,Trending meme,#BruhMemes
1,Trending meme,#GenAlphaBruh
1,Trending meme,#SkibidiToilet
1,Trending meme,#SkibidiTrend
1,Trending meme,#SkibidiDance
1,Trending meme,#SigmaMale
1,Trending meme,#SigmaEnergy
1,Trending meme,#SigmaMemeTrend
1,Trending meme,#BrainRotHumor
1,Trending meme,#OnlineTooLong
1,Trending meme,#RelatableMemes
1,Trending meme,#MewingTrend
1,Trending meme,#MewingHumor
1,Trending meme,#QuietMew
1,Trending meme,#AuraCheck
1,Trending meme,#AuraPointsMeme
1,Trending meme,#CoolnessScale
1,Trending meme,#TheRizzler
1,Trending meme,#UltimateRizz
1,Trending meme,#RizzHumor
1,Trending meme,#SymphonyDolphins
1,Trending meme,#DolphinMemes
1,Trending meme,#MoodVsReality
1,Trending meme,#rizz
1,Trending meme,#rizzler
