name,url
withlovel_,https://www.tiktok.com/@withlovel_
xiaohongshugirlies,https://www.tiktok.com/@xiaohongshugirlies
free2ia,https://www.tiktok.com/@free2ia
xiaohongshugirlies,https://www.tiktok.com/@xiaohongshugirlies
sylvia.geng,https://www.tiktok.com/@sylvia.geng
arinademayast,https://www.tiktok.com/@arinademayast
nuvoleah,https://www.tiktok.com/@nuvoleah
camy.hati,https://www.tiktok.com/@camy.hati
papipapipopapipo,https://www.tiktok.com/@papipapipopapipo
rose.friederike,https://www.tiktok.com/@rose.friederike
frozencollagen.owner,https://www.tiktok.com/@frozencollagen.owner
its_selfcareee,https://www.tiktok.com/@its_selfcareee
narjisseglow,https://www.tiktok.com/@narjisseglow
vanessafaga,https://www.tiktok.com/@vanessafaga
eggoseddits,https://www.tiktok.com/@eggoseddits
jasminnlily_,https://www.tiktok.com/@jasminnlily_
abigailmarpi,https://www.tiktok.com/@abigailmarpi
amyflamy1,https://www.tiktok.com/@amyflamy1
vanessafaga,https://www.tiktok.com/@vanessafaga
princessmonkeyyy,https://www.tiktok.com/@princessmonkeyyy
moonycake_,https://www.tiktok.com/@moonycake_
xiaohongshugirlies,https://www.tiktok.com/@xiaohongshugirlies
omega.scenes,https://www.tiktok.com/@omega.scenes
danicolexx,https://www.tiktok.com/@danicolexx
vanessafaga,https://www.tiktok.com/@vanessafaga
_sa.dailys,https://www.tiktok.com/@_sa.dailys
danicolexx,https://www.tiktok.com/@danicolexx
katarina_bluu47,https://www.tiktok.com/@katarina_bluu47
lovely.klo,https://www.tiktok.com/@lovely.klo
olafflee,https://www.tiktok.com/@olafflee
julieebaby6,https://www.tiktok.com/@julieebaby6
vanessafaga,https://www.tiktok.com/@vanessafaga
thehealthy_version,https://www.tiktok.com/@thehealthy_version
olafflee,https://www.tiktok.com/@olafflee
princessmonkeyyy,https://www.tiktok.com/@princessmonkeyyy
alicha_farly,https://www.tiktok.com/@alicha_farly
sophpontin,https://www.tiktok.com/@sophpontin
agnessver,https://www.tiktok.com/@agnessver
ffomikka,https://www.tiktok.com/@ffomikka
selfcare_ae,https://www.tiktok.com/@selfcare_ae
chronically.rylie,https://www.tiktok.com/@chronically.rylie
darceyangel,https://www.tiktok.com/@darceyangel
karinacabiling,https://www.tiktok.com/@karinacabiling
nicolefay_,https://www.tiktok.com/@nicolefay_
caitlinaarmstrong_,https://www.tiktok.com/@caitlinaarmstrong_