source_file,hashtag,index
hashtag_meme.csv,#TheRizzler,2
hashtag_meme.csv,#UltimateRizz,3
hashtag_meme.csv,#RizzHumor,4
hashtag_meme.csv,nan,0
hashtag_meme.csv,#demure,1
hashtag_meme.csv,#verydemure,2
hashtag_meme.csv,#DemureVibes,3
hashtag_meme.csv,#QuietElegance,4
hashtag_meme.csv,#SoftSpokenStyle,5
hashtag_meme.csv,#GracefulEnergy,6
hashtag_meme.csv,#SubtleBeauty,7
hashtag_meme.csv,#ChicAndDemure,8
hashtag_meme.csv,#TimelessElegance,9
hashtag_meme.csv,#ReservedStyle,10
hashtag_meme.csv,#GentleAura,11
hashtag_meme.csv,#UnderstatedClass,12
hashtag_meme.csv,#ElegantAndQuiet,13
hashtag_meme.csv,#SereneVibes,14
hashtag_meme.csv,#QuietlyConfident,15
hashtag_meme.csv,#ModestGlam,16
hashtag_meme.csv,#SubduedFashion,17
hashtag_meme.csv,#2024Vibes,18
hashtag_meme.csv,#MemeOfTheYear,19
hashtag_meme.csv,#TikTokHumor,20
hashtag_meme.csv,#ViralMeme,21
hashtag_meme.csv,#FunnyTikToks,22
hashtag_meme.csv,#MemeTrend,23
hashtag_meme.csv,#MemeCulture,24
hashtag_meme.csv,#LaughOutLoud,25
hashtag_meme.csv,#TrendAlert,26
hashtag_meme.csv,#ViralIn2024,27
hashtag_meme.csv,#MemeChallenge,28
hashtag_meme.csv,#RelatableMemes,29
hashtag_meme.csv,#LaughingOutLoud,30
hashtag_meme.csv,#TikTokComedy,31
hashtag_meme.csv,#MemesForDays,32
hashtag_meme.csv,#hearmeoutcake,33
hashtag_meme.csv,#hearmeout,34
hashtag_meme.csv,#smashcakechallenge,35
hashtag_meme.csv,#celebritycrush,36
hashtag_meme.csv,#unconventionalcrushes,37
hashtag_meme.csv,#tiktoktrends,38
hashtag_meme.csv,#viralchallenge,39
hashtag_meme.csv,#funnychallenges,40
hashtag_meme.csv,#trendalert,41
hashtag_meme.csv,#forthegirls,42
hashtag_meme.csv,#brainrot,43
hashtag_meme.csv,#boysaresough,44
hashtag_meme.csv,#tiptok,45
hashtag_meme.csv,#lethimcook,46
hashtag_meme.csv,#MorningShed,47
hashtag_meme.csv,#DemureBeauty,48
hashtag_meme.csv,#OneProductMakeup,49
hashtag_meme.csv,#MobWifeAesthetic,50
hashtag_meme.csv,#Y2KFashion,51
hashtag_meme.csv,#BubbleSkirts,52
hashtag_meme.csv,#CowgirlCore,53
hashtag_meme.csv,#DiorBagsCode,54
hashtag_meme.csv,#FamilyReunionSurprise,55
hashtag_meme.csv,#TikTokBillboardTop50,56
hashtag_meme.csv,#Bruh,57
hashtag_meme.csv,#Skibidi,58
hashtag_meme.csv,#SigmaMeme,59
hashtag_meme.csv,#BrainRot,60
hashtag_meme.csv,#MewingMeme,61
hashtag_meme.csv,#AuraPoints,62
hashtag_meme.csv,#TheRizzler,63
hashtag_meme.csv,#SymphonyDolphins,64
hashtag_meme.csv,#MemesOfTheDay,65
hashtag_meme.csv,#TrendingMemes,66
hashtag_meme.csv,#BruhMoment,67
hashtag_meme.csv,#BruhMemes,68
hashtag_meme.csv,#GenAlphaBruh,69
hashtag_meme.csv,#SkibidiToilet,70
hashtag_meme.csv,#SkibidiTrend,71
hashtag_meme.csv,#SkibidiDance,72
hashtag_meme.csv,#SigmaMale,73
hashtag_meme.csv,#SigmaEnergy,74
hashtag_meme.csv,#SigmaMemeTrend,75
hashtag_meme.csv,#BrainRotHumor,76
hashtag_meme.csv,#OnlineTooLong,77
hashtag_meme.csv,#RelatableMemes,78
hashtag_meme.csv,#MewingTrend,79
hashtag_meme.csv,#MewingHumor,80
hashtag_meme.csv,#QuietMew,81
hashtag_meme.csv,#AuraCheck,82
hashtag_meme.csv,#AuraPointsMeme,83
hashtag_meme.csv,#CoolnessScale,84
hashtag_meme.csv,#TheRizzler,85
hashtag_meme.csv,#UltimateRizz,86
hashtag_meme.csv,#RizzHumor,87
hashtag_meme.csv,#SymphonyDolphins,88
hashtag_meme.csv,#DolphinMemes,89
hashtag_meme.csv,#MoodVsReality,90
hashtag_meme.csv,#rizz,91
hashtag_meme.csv,#rizzler,92
